{"cameraMode":{"drawMode":0,"name":"Shaded","section":"Shading Mode"},"sceneLighting":true,"audioPlay":false,"sceneViewState":{"m_AlwaysRefresh":false,"showFog":true,"showSkybox":true,"showFlares":true,"showImageEffects":true,"showParticleSystems":true,"showVisualEffectGraphs":true,"m_FxEnabled":true},"in2DMode":false,"pivot":{"x":-0.20526278018951417,"y":1.9579558372497559,"z":7.344900131225586},"rotation":{"x":0.026310963556170465,"y":-0.973514974117279,"z":0.16992682218551637,"w":0.15072692930698396},"size":0.8660253882408142,"orthographic":false}